covariate,custom_mean,ppmi_mean,post_SMD,pre_SMD
TimeSinceSurgery,2.1154695625789426,1.986748237684964,0.13977238678149648,0.3759847198558578
TimeSinceDiag,9.993367062526021,7.9698554160757,0.5768157715472371,1.6480599595741503
AGE_AT_OP,63.687941460798626,65.82158809458286,-0.26205864044376026,-0.19096711118701576
