variable,label,n_custom,n_ppmi,n_pairs_paired,welch_p,paired_p,significance_welch,significance_paired,mannwhitney_p,wilcoxon_p
AGE_AT_BASELINE,Age at Baseline,21,21,21,0.6781153664932675,0.6974074701098987,n.s.,n.s.,,
TimeSinceDiag,Time Since Diagnosis,21,21,21,0.4964159511698467,0.48011288804808316,n.s.,n.s.,,
UPDRS_on,UPDRS On Med,21,21,21,0.5969097411238332,0.6247101738725844,n.s.,n.s.,,
MoCA_sum_pre,MoCA Total Baseline,21,21,21,0.056331192535180326,0.05260571062173993,n.s.,n.s.,0.04200787879540909,0.03705350450523892
MoCA_sum_post,MoCA Total Postoperative,21,21,21,0.6506726088553304,0.642453556978836,n.s.,n.s.,0.7321647894101364,0.6781350021467702
